{"cameraMode":{"drawMode":0,"name":"Shaded","section":"Shading Mode"},"sceneLighting":true,"audioPlay":false,"sceneViewState":{"m_AlwaysRefresh":false,"showFog":true,"showSkybox":false,"showFlares":true,"showImageEffects":true,"showParticleSystems":true,"showVisualEffectGraphs":true,"m_FxEnabled":true},"in2DMode":false,"pivot":{"x":0.06607794761657715,"y":0.46463853120803835,"z":-0.031010031700134279},"rotation":{"x":-0.003548569045960903,"y":0.9742100238800049,"z":-0.22605322301387788,"w":-0.013420026749372483},"size":1.6995731592178345,"orthographic":false}