{"cameraMode":{"drawMode":0,"name":"Shaded","section":"Shading Mode"},"sceneLighting":true,"audioPlay":false,"sceneViewState":{"m_AlwaysRefresh":false,"showFog":true,"showSkybox":false,"showFlares":true,"showImageEffects":true,"showParticleSystems":true,"showVisualEffectGraphs":true,"m_FxEnabled":true},"in2DMode":false,"pivot":{"x":-0.01118612289428711,"y":9.147642135620118,"z":0.21296000480651856},"rotation":{"x":0.011133670806884766,"y":0.8168303966522217,"z":0.01599775068461895,"w":-0.5766501426696777},"size":13.425256729125977,"orthographic":false}