{"cameraMode":{"drawMode":0,"name":"Shaded","section":"Shading Mode"},"sceneLighting":false,"audioPlay":false,"sceneViewState":{"m_AlwaysRefresh":false,"showFog":true,"showSkybox":false,"showFlares":true,"showImageEffects":true,"showParticleSystems":true,"showVisualEffectGraphs":true,"m_FxEnabled":true},"in2DMode":false,"pivot":{"x":0.03070235252380371,"y":0.4391684830188751,"z":0.18981271982192994},"rotation":{"x":-0.027259426191449167,"y":-0.9710918664932251,"z":0.19393420219421388,"w":-0.13666553795337678},"size":1.628255009651184,"orthographic":false}