{"cameraMode":{"drawMode":0,"name":"Shaded","section":"Shading Mode"},"sceneLighting":true,"audioPlay":false,"sceneViewState":{"m_AlwaysRefresh":false,"showFog":true,"showSkybox":false,"showFlares":true,"showImageEffects":true,"showParticleSystems":true,"showVisualEffectGraphs":true,"m_FxEnabled":true},"in2DMode":false,"pivot":{"x":-0.003107309341430664,"y":0.3988429605960846,"z":-0.013969123363494873},"rotation":{"x":-0.006602586712688208,"y":0.9859360456466675,"z":-0.16325967013835908,"w":-0.03818517178297043},"size":1.253690242767334,"orthographic":false}