{"cameraMode":{"drawMode":0,"name":"Shaded","section":"Shading Mode"},"sceneLighting":true,"audioPlay":false,"sceneViewState":{"m_AlwaysRefresh":false,"showFog":true,"showSkybox":false,"showFlares":true,"showImageEffects":true,"showParticleSystems":true,"showVisualEffectGraphs":true,"m_FxEnabled":true},"in2DMode":false,"pivot":{"x":-0.12965869903564454,"y":0.08678600192070008,"z":0.003765001893043518},"rotation":{"x":0.2075674682855606,"y":-0.7121244668960571,"z":0.23505224287509919,"w":0.6283891797065735},"size":0.39463239908218386,"orthographic":false}