{"cameraMode":{"drawMode":0,"name":"Shaded","section":"Shading Mode"},"sceneLighting":true,"audioPlay":false,"sceneViewState":{"m_AlwaysRefresh":false,"showFog":true,"showSkybox":false,"showFlares":true,"showImageEffects":true,"showParticleSystems":true,"showVisualEffectGraphs":true,"m_FxEnabled":true},"in2DMode":false,"pivot":{"x":0.005568935070186853,"y":-0.07971242815256119,"z":-0.16854128241539002},"rotation":{"x":-0.07840929925441742,"y":0.05855657160282135,"z":-0.004439189098775387,"w":-0.9952644109725952},"size":3.6475915908813478,"orthographic":false}