{"cameraMode":{"drawMode":0,"name":"Shaded","section":"Shading Mode"},"sceneLighting":false,"audioPlay":false,"sceneViewState":{"m_AlwaysRefresh":false,"showFog":true,"showSkybox":false,"showFlares":true,"showImageEffects":true,"showParticleSystems":true,"showVisualEffectGraphs":true,"m_FxEnabled":true},"in2DMode":false,"pivot":{"x":-1.2348943948745728,"y":0.25969192385673525,"z":0.29303789138793948},"rotation":{"x":-0.023279771208763124,"y":-0.9120252132415772,"z":0.05266684293746948,"w":-0.40625667572021487},"size":0.3360911011695862,"orthographic":false}