{"cameraMode":{"drawMode":0,"name":"Shaded","section":"Shading Mode"},"sceneLighting":false,"audioPlay":false,"sceneViewState":{"m_AlwaysRefresh":false,"showFog":true,"showSkybox":false,"showFlares":true,"showImageEffects":true,"showParticleSystems":true,"showVisualEffectGraphs":true,"m_FxEnabled":true},"in2DMode":false,"pivot":{"x":-0.0013415813446044922,"y":0.3915337324142456,"z":-0.19817471504211427},"rotation":{"x":-0.019911671057343484,"y":0.9453021287918091,"z":-0.05879088491201401,"w":-0.3203059732913971},"size":2.2487952709198,"orthographic":false}