{"cameraMode":{"drawMode":0,"name":"Shaded","section":"Shading Mode"},"sceneLighting":true,"audioPlay":false,"sceneViewState":{"m_AlwaysRefresh":false,"showFog":true,"showSkybox":false,"showFlares":true,"showImageEffects":true,"showParticleSystems":true,"showVisualEffectGraphs":true,"m_FxEnabled":true},"in2DMode":false,"pivot":{"x":-0.42401158809661868,"y":0.15322017669677735,"z":-0.615472137928009},"rotation":{"x":-0.034343235194683078,"y":-0.9663106799125671,"z":0.1883562058210373,"w":-0.1732611507177353},"size":0.7601374983787537,"orthographic":false}