{"cameraMode":{"drawMode":0,"name":"Shaded","section":"Shading Mode"},"sceneLighting":true,"audioPlay":false,"sceneViewState":{"m_AlwaysRefresh":false,"showFog":true,"showSkybox":false,"showFlares":true,"showImageEffects":true,"showParticleSystems":true,"showVisualEffectGraphs":true,"m_FxEnabled":true},"in2DMode":false,"pivot":{"x":0.45838916301727297,"y":2.200479745864868,"z":-0.11086100339889527},"rotation":{"x":0.00514320470392704,"y":-0.990458071231842,"z":0.03957324102520943,"w":0.1334286481142044},"size":2.3453807830810549,"orthographic":false}