{"cameraMode":{"drawMode":0,"name":"Shaded","section":"Shading Mode"},"sceneLighting":true,"audioPlay":false,"sceneViewState":{"m_AlwaysRefresh":false,"showFog":true,"showSkybox":false,"showFlares":true,"showImageEffects":true,"showParticleSystems":true,"showVisualEffectGraphs":true,"m_FxEnabled":true},"in2DMode":false,"pivot":{"x":-0.17745772004127503,"y":0.33739617466926577,"z":0.13684220612049104},"rotation":{"x":-0.005069077480584383,"y":0.9933722615242004,"z":-0.04652046039700508,"w":-0.10561592131853104},"size":0.5660253763198853,"orthographic":false}