{"cameraMode":{"drawMode":0,"name":"Shaded","section":"Shading Mode"},"sceneLighting":true,"audioPlay":false,"sceneViewState":{"m_AlwaysRefresh":false,"showFog":true,"showSkybox":false,"showFlares":true,"showImageEffects":true,"showParticleSystems":true,"showVisualEffectGraphs":true,"m_FxEnabled":true},"in2DMode":false,"pivot":{"x":0.7072556018829346,"y":4.083587169647217,"z":1.9471192359924317},"rotation":{"x":0.03764205798506737,"y":-0.6695737242698669,"z":0.033509038388729098,"w":0.741215705871582},"size":7.266863822937012,"orthographic":false}