{"cameraMode":{"drawMode":0,"name":"Shaded","section":"Shading Mode"},"sceneLighting":true,"audioPlay":false,"sceneViewState":{"m_AlwaysRefresh":false,"showFog":true,"showSkybox":false,"showFlares":true,"showImageEffects":true,"showParticleSystems":true,"showVisualEffectGraphs":true,"m_FxEnabled":true},"in2DMode":false,"pivot":{"x":-0.16457639634609223,"y":-0.3467124104499817,"z":3.8439126014709474},"rotation":{"x":0.09287983179092407,"y":-0.002982695819810033,"z":0.00021309613657649606,"w":0.9957180619239807},"size":2.3453469276428224,"orthographic":false}